Stadium_id,Stadium,Capacity,Region,Country,City,Home_teams,State_or_Province
1,Rungrado 1st of May Stadium ,1140001,East Asia,North Korea,Pyongyang,"Korea DPR national football team, Korea DPR women's national football team, April 25",Unknown
2,Michigan Stadium,1076012,North America,United States,Ann Arbor,Michigan Wolverines football, Michigan
3,Ohio Stadium,1027803,North America,United States,Columbus,Ohio State Buckeyes football, Ohio
4,Melbourne Cricket Ground ,1000244,Oceania,Australia,Melbourne,"Australia national cricket team, Victoria cricket team, Melbourne Cricket Club, Melbourne Stars, Melbourne FC, Richmond FC, Collingwood FC, Hawthorn FC", Victoria
5,Camp Nou ,993545,Europe,Spain,Barcelona,FC Barcelona, Catalonia
6,Estadio Azteca ,955006,North America,Mexico,Mexico City,"Club América, Cruz Azul, Mexico national football team",Unknown
7,FNB Stadium ,947367,Africa,South Africa,Johannesburg,"South Africa national football team, Kaizer Chiefs", Gauteng
8,New Administrative Capital Stadium ,939408,Africa,Egypt,New Administrative Capital,Egypt national football team,Unknown
9,Rose Bowl Stadium,928009,North America,United States,Pasadena,UCLA Bruins, California
10,Cotton Bowl Stadium,9210010,North America,United States,Dallas,Dallas Trinity FC, Texas
11,Wembley Stadium ,9000011,Europe,England,London,England national football team, England
12,Lusail Stadium ,8896612,West Asia,Qatar,Lusail,Qatar national football team,Unknown
13,Bukit Jalil National Stadium ,87411,Southeast Asia,Malaysia,Kuala Lumpur,Malaysia national football team13,Unknown
14,Borg el-Arab Stadium,8600014,Africa,Egypt,Alexandria,"Egypt national football team, Al Ittihad, Smouha",Unknown
15,Estadio Santiago Bernabéu,8500015,Europe,Spain,Madrid,Real Madrid,Unknown
16,Estadio Mâs Monumental ,84567,South America,Argentina,Buenos Aires,"Argentina national football team, River Plate",Unknown
17,Stadium Australia,83500,Oceania,Australia,Sydney,"South Sydney Rabbitohs, Canterbury-Bankstown Bulldogs, New South Wales Blues, New South Wales Waratahs, Australia men's national soccer team, Australia national rugby union team", New South Wales
18,MetLife Stadium,82500,North America,United States,East Rutherford,"New York Giants, New York Jets, United States men's national soccer team", New Jersey
19,Croke Park ,8230016,Europe,Ireland,Dublin,"Gaelic Athletic Association, Dublin GAA",Unknown
20,Jakarta International Stadium ,82000,Southeast Asia,Indonesia,Jakarta,"Persija Jakarta, Indonesia national football team",Unknown
21,Lambeau Field,8144117,North America,United States,Green Bay,Green Bay Packers, Wisconsin
22,Signal Iduna Park ,81365,Europe,Germany,Dortmund,Borussia Dortmund,Unknown
23,Stade de France ,8133818,Europe,France,Saint-Denis,France national football team,Unknown
24,Grand Sports Arena of the Luzhniki Olympic Complex ,81000,Europe,Russia,Moscow,,Unknown
25,Shah Alam Stadium,80372,Southeast Asia,Malaysia,Shah Alam,Selangor FA, Selangor
26,Estadio Monumental ,80093,South America,Peru,Lima,Club Universitario de Deportes,Unknown
27,Stadio Giuseppe Meazza ,80018,Europe,Italy,Milan,AC Milan and Internazionale, Lombardy
28,Guangdong Olympic Stadium ,80012,East Asia,China,Guangzhou,, Guangdong
29,Hangzhou Olympic Sports Expo Centre Stadium,80000,East Asia,China,Hangzhou,, Zhejiang
30,ATT Stadium ,8000019,North America,United States,Arlington,"Dallas Cowboys, FC Dallas", Texas
31,Stade des Martyrs ,80000,Africa,DR Congo,Kinshasa,Congo DR national football team,Unknown
32,Stade Tata Raphaël ,80000,Africa,DR Congo,Kinshasa,"AS Vita Club, DC Motema Pembe",Unknown
33,National Sports Stadium ,80000,Africa,Zimbabwe,Harare,Zimbabwe national football team,Unknown
34,Moi International Sports Centre ,80000,Africa,Kenya,Nairobi,Kenya national football team,Unknown
35,Beijing National Stadium,8000020,East Asia,China,Beijing,,Unknown
36,Stade Léopold Sédar Senghor ,80000,Africa,Senegal,Dakar,"Senegal national football team, ASC Jeanne d'Arc",Unknown
37,Maracanã ,788382122,South America,Brazil,Rio de Janeiro,"CR Flamengo, Fluminense FC, Botafogo FR, CR Vasco da Gama", Rio de Janeiro
38,Los Angeles Memorial Coliseum,78467,North America,United States,Los Angeles,USC Trojans, California
39,Azadi Stadium ,781162324,West Asia,Iran,Tehran,"Iran national football team, Esteghlal FC, Persepolis FC",Unknown
40,Stadion Utama Gelora Bung Karno,7719325,Southeast Asia,Indonesia,Jakarta,"Indonesia national football team,",Unknown
41,Caesar's Superdome,7646826,North America,United States,New Orleans,"New Orleans Saints, Sugar Bowl", Louisiana
42,Arrowhead Stadium,7641227,North America,United States,Kansas City,Kansas City Chiefs, Missouri
43,Empower Field,7612528,North America,United States,Denver,Denver Broncos,Unknown
44,Atatürk Olimpiyat Stadyumu ,7609229,Europe,Turkey,Istanbul,,Unknown
45,Old Trafford,76000,Europe,England,Manchester,Manchester United, North West England
46,Allianz Arena,7502430,Europe,Germany,Munich,FC Bayern Munich,Unknown
47,Naghsh-e-Jahan Stadium,75000,West Asia,Iran,Isfahan,Sepahan FC,Unknown
48,Bank of America Stadium,74867,North America,United States,Charlotte,"Charlotte FC, Carolina Panthers", North Carolina
49,Principality Stadium ,74500,Europe,Wales,Cardiff,Wales national rugby union team,Unknown
50,Olympiastadion,74475,Europe,Germany,Berlin,Hertha BSC,Unknown
51,Cairo International Stadium,74100,Africa,Egypt,Cairo,"Egypt national football team, Al Ahly, Zamalek",Unknown
52,FirstEnergy Stadium,7320031,North America,United States,Cleveland,Cleveland Browns,Unknown
53,Estádio Nacional Mané Garrincha,72788,South America,Brazil,Brasília,"Brasília FC, Legião FC", Distrito Federal
54,Stadio Olimpico,72698,Europe,Italy,Rome,"AS Roma, Lazio", Lazio
55,Nissan Stadium ,7232732,East Asia,Japan,Yokohama,"Yokohama F Marinos, Yokohama Eagles", Kanagawa
56,NRG Stadium,72220,North America,United States,Houston,"Houston Texans, Houston Dynamo FC", Texas
57,Shanghai Stadium,72000,East Asia,China,Shanghai,Shanghai Shenhua,Unknown
58,MT Bank Stadium,7100833,North America,United States,Baltimore,Baltimore Ravens,Unknown
59,Mercedes-Benz Stadium,71000,North America,United States,Atlanta,"Atlanta United FC, Atlanta Falcons", Georgia
60,Riyadh Air Metropolitano,70692,Europe,Spain,Madrid,Atlético de Madrid,Unknown
61,Olympic National Sports Complex Stadium ,7000034,Europe,Ukraine,Kyiv,"Ukraine national football team, FC Dynamo Kyiv",Unknown
62,SoFi Stadium,70000,North America,United States,Inglewood,, California
63,Seoul Olympic Stadium ,69950,East Asia,South Korea,Seoul,,Unknown
64,Bakı Olimpiya stadionu ,69870,West Asia,Azerbaijan,Baku,Azerbaijan national football team,Unknown
65,Olympic Stadium ,69618,Europe,Greece,Marousi,Greece national football team, Attica
66,Olympiastadion München,69250,Europe,Germany,Munich,,Unknown
67,Lumen Field,69000,North America,United States,Seattle,"Seattle Sounders FC, Seattle Seahawks", Washington
68,Estadio Olímpico Universitario,68954,North America,Mexico,Mexico City,UNAM Pumas,Unknown
69,Gillette Stadium,68756,North America,United States,Foxborough,"New England Patriots, New England Revolution", Massachusetts
70,King Abdullah Sports City Stadium ,68560,West Asia,Saudi Arabia,Jeddah,"Saudi Arabia national football team, Al-Ahli Saudi FC, Al-Ittihad Saudi Club",Unknown
71,Lincoln Financial Field,68532,North America,United States,Philadelphia,"Philadelphia Eagles, Temple Owls football",Unknown
72,Levi's Stadium,68500,North America,United States,Santa Clara,San Francisco 49ers, California
73,Acrisure Stadium,6840035,North America,United States,Pittsburgh,"Pittsburgh Steelers, Pittsburgh Panthers football",Unknown
74,Gazprom Arena,68134,Europe,Russia,Saint Petersburg,FC Zenit Saint Petersburg,Unknown
75,Salt Lake Stadium ,680003637,South Asia,India,Kolkata,"India national football team, Mohun Bagan Super Giant, East Bengal FC, Mohammedan SC",Unknown
76,National Stadium,68000,East Asia,Japan,Tokyo,,Unknown
77,TIAA Bank Field,6781438,North America,United States,Jacksonville,Jacksonville Jaguars, Florida
78,Orange Vélodrome,67394,Europe,France,Marseille,Olympique de Marseille,Unknown
79,Puskás Aréna ,67215,Europe,Hungary,Budapest,Hungary national football team,Unknown
80,Scottish Gas Murrayfield Stadium,67144,Europe,Scotland,Edinburgh,Scotland national rugby union team,Unknown
81,Lucas Oil Stadium,67000,North America,United States,Indianapolis,Indianapolis Colts, Indiana
82,MorumBIS,66975,South America,Brazil,São Paulo,São Paulo FC, São Paulo
83,The Dome,66965,North America,United States,St Louis,St Louis BattleHawks,Unknown
84,Yadegar-e-Emam Stadium,66833,West Asia,Iran,Tabriz,Tractor Sazi FC,Unknown
85,Seoul World Cup Stadium,66704,East Asia,South Korea,Seoul,FC Seoul,Unknown
86,US Bank Stadium,66655,North America,United States,Minneapolis,Minnesota Vikings,Unknown
87,Daegu Stadium,66422,East Asia,South Korea,Daegu,Daegu FC,Unknown
88,Workers' Stadium,66161,East Asia,China,Beijing,"Beijing Guoan, China national football team",Unknown
89,London Stadium,66000,Europe,England,London,West Ham United,Unknown
90,Raymond James Stadium,65847,North America,United States,Tampa,"Tampa Bay Buccaneers, South Florida Bulls football, Tampa Bay Vipers", Florida
91,Hard Rock Stadium,6532639,North America,United States,Miami Gardens,"Miami Dolphins, Miami Hurricanes football", Florida
92,Olympic Stadium ,65255,North America,Canada,Montreal,CF Montréal, Quebec
93,Basra International Stadium ,65227,West Asia,Iraq,Basra,Iraq national football team,Unknown
94,Camping World Stadium,65000,North America,United States,Orlando,, Florida
95,Alamodome,65000,North America,United States,San Antonio,UTSA Roadrunners football,Unknown
96,Ford Field,65000,North America,United States,Detroit,Detroit Lions,Unknown
97,Stade Ibn Battuta,65000,Africa,Morocco,Tangier,IR Tanger,Unknown
98,Estádio do Sport Lisboa e Benfica ,64642,Europe,Portugal,Lisbon,Benfica,Unknown
99,Stade du 5-juillet-1962 ,6400040,Africa,Algeria,Algiers,Algeria national football team,Unknown
100,Castelão,63903,South America,Brazil,Fortaleza,"Ceará SC, Fortaleza EC", Ceará
101,Saitama Stadium 2002,6370041,East Asia,Japan,Saitama,"Urawa Red Diamonds, Saitama Wild Knights",Unknown
102,Ellis Park Stadium,62567,Africa,South Africa,Johannesburg,"Orlando Pirates FC, Emirates Johannesburg Lions", Gauteng
103,Tottenham Hotspur Stadium,6230342,Europe,England,London,Tottenham Hotspur,Unknown
104,VELTINS-Arena,62271,Europe,Germany,Gelsenkirchen,FC Schalke 04,Unknown
105,Yizhong Sports Centre Stadium,62000,East Asia,China,Qingdao,Qingdao Jonoon FC, Shandong
106,Estádio Governador Magalhães Pinto,6184643,South America,Brazil,Belo Horizonte,"Atlético Mineiro, Cruzeiro EC", Minas Gerais
107,King Fahd International Stadium,61781,West Asia,Saudi Arabia,Riyadh,"Saudi Arabia national football team, Al-Hilal, Al-Nassr, Al-Shabab",Unknown
108,Soldier Field,61500,North America,United States,Chicago,Chicago Bears,Unknown
109,Nanjing Olympic Sports Centre Stadium,61443,East Asia,China,Nanjing,, Jiangsu
110,Anfield,6127644,Europe,England,Liverpool,Liverpool FC, England
111,Estadio Benito Villamarín,60720,Europe,Spain,Seville,Real Betis,Unknown
112,Abuja Stadium ,60491,Africa,Nigeria,Abuja,Nigeria national football team,Unknown
113,MHPArena,60469,Europe,Germany,Stuttgart,VfB Stuttgart,Unknown
114,Celtic Park ,6041145,Europe,Scotland,Glasgow,Celtic FC,Unknown
115,Estadio de la UNSA,60370,South America,Peru,Arequipa,FBC Melgar,Unknown
116,Emirates Stadium,6033846,Europe,England,London,Arsenal,Unknown
117,Shenzhen Universiade Sports Centre Stadium,60334,East Asia,China,Shenzhen,, Guangdong
118,Estadio Centenario ,60235,South America,Uruguay,Montevideo,Uruguay national football team,Unknown
119,Estádio José do Rego Maciel,60044,South America,Brazil,Recife,Santa Cruz FC, Pernambuco
120,Al-Bayt Stadium,60000,West Asia,Qatar,Al-Khor,,Unknown
121,Benjamin Mkapa National Stadium ,60000,Africa,Tanzania,Dar es-Salaam,"Tanzania national football team, Young Africans",Unknown
122,Hefei Olympic Sports Centre Stadium,60000,East Asia,China,Hefei,Anhui Jiufang, Anhui
123,Jaber al-Ahmad International Stadium ,60000,West Asia,Kuwait,Kuwait City,Kuwait national football team,Unknown
124,Hammadi Agrebi Stadium ,60000,Africa,Tunisia,Tunis,Tunisia national football team,Unknown
125,Jawaharlal Nehru Stadium,6000047,South Asia,India,New Delhi,,Unknown
126,Mogadishu Stadium ,60000,Africa,Somalia,Mogadishu,Somalia national football team,Unknown
127,National Heroes Stadium ,60000,Africa,Zambia,Lusaka,Zambian national football team,Unknown
128,Autzen Stadium,60000,North America,United States,Eugene,, Oregon
129,Odi Stadium,60000,Africa,South Africa,Mabopane,, Gauteng
130,Morodok Techo National Stadium,60000,Southeast Asia,Cambodia,Phnom Penh,Cambodia national football team,Unknown
131,Shenyang Olympic Sports Centre Stadium,60000,East Asia,China,Shenyang,, Liaoning
132,Optus Stadium,60000,Oceania,Australia,Perth,"Perth Glory FC, Fremantle Dockers, West Coast Eagles", Western Australia
133,Estadio Monumental Isidro Romero Carbo ,5928348,South America,Ecuador,Guayaquil,Barcelona Sporting Club,Unknown
134,Groupama Stadium,59186,Europe,France,Décines-Charpieu,Olympique Lyonnais,Unknown
135,Chongqing Olympic Sports Centre Stadium,58680,East Asia,China,Chongqing,,Unknown
136,Kazimierz Górski National Stadium ,58580,Europe,Poland,Warsaw,Poland national football team,Unknown
137,Stadio San Nicola,58270,Europe,Italy,Bari,SSC Bari, Apulia
138,Commanders Field,58000,North America,United States,Landover,Washington Commanders, Maryland
139,Deutsche Bank Park,5800049,Europe,Germany,Frankfurt,Eintracht Frankfurt,Unknown
140,Estadio La Cartuja de Sevilla,57619,Europe,Spain,Seville,,Unknown
141,CarterFinley Stadium,5758350,North America,United States,Raleigh,NC State Wolfpack football, North Carolina
142,La Bombonera,57200,South America,Argentina,Buenos Aires,CA Boca Juniors,Unknown
143,Volksparkstadion,57030,Europe,Germany,Hamburg,Hamburger SV,Unknown
144,Estadio Mario Alberto Kempes,57000,South America,Argentina,Córdoba,"Talleres de Córdoba, some Belgrano de Córdoba matches",Unknown
145,Jinan Olympic Sports Centre Stadium,56808,East Asia,China,Jinan,Shandong Taishan, Shandong
146,Estadio Jalisco,5671351,North America,Mexico,Guadalajara,Atlas, Jalisco
147,Commonwealth Stadium,56302,North America,Canada,Edmonton,"Edmonton Elks, Canadian men's and women's national teams", Alberta
148,Dodger Stadium,56000,North America,United States,Los Angeles,Los Angeles Dodgers,Unknown
149,Stade du 19-mai-1956,56000,Africa,Algeria,Annaba,USM Annaba,Unknown
150,Estadi Olímpic Lluís Companys,55926,Europe,Spain,Barcelona,, Catalonia
151,Arena do Grêmio,55662,South America,Brazil,Porto Alegre,Grêmio FBPA, Rio Grande do Sul
152,Arena Națională ,55634,Europe,Romania,Bucharest,Romania national football team,Unknown
153,Stadion Rajko Mitić ,55538,Europe,Serbia,Belgrade,"Red Star Belgrade, Serbia national football team",Unknown
154,Stadion Śląski,55211,Europe,Poland,Chorzów,"Poland national football team, Ruch Chorzów",Unknown
155,Etihad Stadium,55097,Europe,England,Manchester,Manchester City, North West England
156,Mestalla,55000,Europe,Spain,Valencia,Valencia CF,Unknown
157,National Stadium ,55000,Southeast Asia,Singapore,Singapore,Singapore national football team,Unknown
158,National Stadium ,55000,East Asia,Taiwan,Kaohsiung,Chinese Taipei national football team,Unknown
159,He Long Stadium,55000,East Asia,China,Changsha,, Hunan
160,Cape Town Stadium,55000,Africa,South Africa,Cape Town,"Cape Town City FC, DHL Western Cape Stormers", Western Cape
161,Plovdiv Stadium ,55000,Europe,Bulgaria,Plovdiv,,Unknown
162,Bobby Dodd Stadium,55000,North America,United States,Atlanta,Georgia Tech Yellow Jackets football,Unknown
163,Johan Cruijff Arena ,5499052,Europe,Netherlands,Amsterdam,AFC Ajax,Unknown
164,Tianhe Stadium,54856,East Asia,China,Guangzhou,, Guangdong
165,Stadio Diego Armando Maradona,54726,Europe,Italy,Naples,SSC Napoli,Unknown
166,Tianjin Olympic Sports Centre Stadium,54696,East Asia,China,Tianjin,Tianjin Teda,Unknown
167,MERKUR SPIEL-ARENA,54600,Europe,Germany,Düsseldorf,Fortuna Düsseldorf,Unknown
168,Boris Paitchadze Dinamo Arena ,54549,West Asia,Georgia,Tbilisi,"Georgia national football team, FC Dinamo Tbilisi",Unknown
169,Wuhan Sports Centre Stadium,54357,East Asia,China,Wuhan,, Hubei
170,BC Place Stadium,54320,North America,Canada,Vancouver,"Vancouver Whitecaps FC, BC Lions", British Columbia
171,Yankee Stadium,54251,North America,United States,New York City,"New York Yankees, New York City FC",Unknown
172,Hrazdan Stadium ,54208,West Asia,Armenia,Yerevan,"FC Ararat Yerevan, Ulisses FC",Unknown
173,BORUSSIA-PARK,54057,Europe,Germany,Mönchengladbach,Borussia Mönchengladbach,Unknown
174,Moses Mabhida Stadium,54000,Africa,South Africa,Durban,"AmaZulu FC, Cell C Durban Sharks", KwaZulu-Natal
175,Busan Asiad Main Stadium,53864,East Asia,South Korea,Busan,Busan IPark,Unknown
176,Estádio Estadual Jornalista Edgar Augusto Proença,53645,South America,Brazil,Belém,"Paysandu SC, Clube do Remo, Tuna Luso Brasileira, SC Belem", Pará
177,Estadio Único Diego Armando Maradona,53600,South America,Argentina,La Plata,,Unknown
178,Adelaide Oval,53500,Oceania,Australia,Adelaide,"Adelaide Crows, Port Adelaide Power", South Australia
179,Docklands Stadium,53359,Oceania,Australia,Melbourne,"Western Bulldogs, Essendon, St Kilda, Carlton, North Melbourne", Victoria
180,Estádio Municipal João Havelange,53350,South America,Brazil,Uberlândia,Uberlânia EC, Minas Gerais
181,San Mamés,53332,Europe,Spain,Bilbao,Athletic Bilbao,Unknown
182,Aleppo International Stadium ,53200,West Asia,Syria,Aleppo,Al-Ittihad,Unknown
183,Estadio Nacional,53086,South America,Peru,Lima,Peru national football team,Unknown
184,Huanglong Stadium,52672,East Asia,China,Hangzhou,Hangzhou FC, Zhejiang
185,RAMS Park,52652,Europe,Turkey,Istanbul,Galatasaray,Unknown
186,Suncorp Stadium,52500,Oceania,Australia,Brisbane,"Brisbane Broncos, Queensland Maroons, Brisbane Roar FC, Queensland Reds", Queensland
187,St James' Park,52405,Europe,England,Newcastle upon Tyne,Newcastle United, North East
188,Kings Park Stadium,52000,Africa,South Africa,Durban,"Lamontville Golden Arrows, Cell C Durban Sharks", KwaZulu-Natal
189,Newlands Stadium,51900,Africa,South Africa,Cape Town,, Western Cape
190,Hampden Park,5186653,Europe,Scotland,Glasgow,"Scotland national football team, Queen's Park",Unknown
191,Estadio Monumental de Maturín ,51796,South America,Venezuela,Maturín,Monagas Sport Club,Unknown
192,Loftus Versfeld Stadium,51762,Africa,South Africa,Pretoria,SuperSport United and Vodacom Pretoria Bulls, Gauteng
193,Aviva Stadium ,51700,Europe,Ireland,Dublin,"Leinster Rugby, Republic of Ireland national football team, Ireland national rugby union team",Unknown
194,Guiyang Olympic Sports Centre Stadium,51638,East Asia,China,Guiyang,, Guizhou
195,Hohhot City Stadium,51632,East Asia,China,Hohhot,, Inner Mongolia
196,Rajamangala National Stadium ,51552,Southeast Asia,Thailand,Bangkok,Thailand national football team,Unknown
197,Donbass Arena,51504,Europe,Ukraine,Donetsk,,Unknown
198,El Cilindro,51389,South America,Argentina,Avellaneda,Racing Club de Avellaneda,Unknown
199,İzmir Atatürk Stadyumu,51295,West Asia,Turkey,İzmir,"Altay SK, Göztepe AŞ",Unknown
200,Stadion Feijenoord,51117,Europe,Netherlands,Rotterdam,Feyenoord,Unknown
201,Estadio BBVA,5100054,North America,Mexico,Monterrey,CF Monterrey,Unknown
202,Ghadir Stadium,51000,West Asia,Iran,Ahvaz,Foolad FC,Unknown
203,Estádio José Pinheiro Borda,50942,South America,Brazil,Porto Alegre Rio Grande do Sul,SC Internacional,Unknown
204,Ibrox Stadium,5081755,Europe,Scotland,Glasgow,Rangers FC,Unknown
205,Shizuoka Stadium,5088956,East Asia,Japan,Fukuroi,"Júbilo Iwata, Shimizu S-Pulse, Shizuoka Blue Revs", Shizuoka
206,Ernst-Happel-Stadion ,50865,Europe,Austria,Vienna,Austria national football team,Unknown
207,Huntington Bank Stadium,50805,North America,United States,Minneapolis,Minnesota Golden Gophers football,Unknown
208,Estadio Cuauhtémoc,50754,North America,Mexico,Puebla,Puebla FC,Unknown
209,Strawberry Arena ,50653,Europe,Sweden,Solna,"Sweden men's national football team, AIK Fotboll",Unknown
210,Ülker Stadyumu,50509,West Asia,Turkey,Istanbul,Fenerbahçe,Unknown
211,Stanford Stadium,50424,North America,United States,Palo Alto,, California
212,Stade Pierre-Mauroy,50186,Europe,France,Villeneuve-d'Ascq,Lille OSC,Unknown
213,Stade Roi Baudouin ,50122,Europe,Belgium,Brussels,Belgium national football team,Unknown
214,Shaanxi Province Stadium,50100,East Asia,China,Xi'an,, Shaanxi
215,Ajinomoto Stadium,50100,East Asia,Japan,Chofu,"FC Tokyo, Tokyo Verdy, Tokyo Sungoliath, Toshiba Brave Lupus Tokyo", Tokyo
216,Estádio José Alvalade,50095,Europe,Portugal,Lisbon,Sporting CP,Unknown
217,Estádio do Dragão,50033,Europe,Portugal,Porto,FC Porto,Unknown
218,Casa de Apostas Arena Fonte Nova,50025,South America,Brazil,Salvador,EC Bahia, Bahia
219,Stade Olympique de Sousse,50000,Africa,Tunisia,Sousse,Étoile du Sahel,Unknown
220,RheinEnergieSTADION,50000,Europe,Germany,Cologne,1 FC Köln,Unknown
221,Harbin Sports City Centre Stadium,50000,East Asia,China,Harbin,, Heilongjiang
222,Greenfield International Stadium,5000057,South Asia,India,Trivandrum,,Unknown
223,EMS Stadium,50000,South Asia,India,Kozhikode,"India national football team, Gokulam Kerala FC",Unknown
224,KD Singh Babu Stadium,50000,South Asia,India,Lucknow,,Unknown
225,Eden Park ,50000,Oceania,New Zealand,Auckland,"Auckland Blues, New Zealand Warriors",Unknown
226,Estádio 11 de Novembro ,50000,Africa,Angola,Luanda,"Angola national football team, Primeiro de Agosto, Petro Luanda",Unknown
227,Henan Provincial Stadium,50000,East Asia,China,Zhengzhou,, Henan
228,Jiangxi Olympic Sports Center,50000,East Asia,China,Nanchang,, Jiangxi
229,Max-Morlock-Stadion,50000,Europe,Germany,Nuremberg,1 FC Nürnberg,Unknown
230,June 11 Stadium ,50000,Africa,Libya,Tripoli,"Libya, Al-Ahly SC, Al-Ittihad Tripoli, Al-Madina SC",Unknown
231,Xinjiang Sports Centre Stadium,50000,East Asia,China,Urumqi,, Xinjiang
232,Kim Il-sung Stadium,50000,East Asia,North Korea,Pyongyang,Pyongyang City Sports Club,Unknown
233,EDION Stadium Hiroshima,50000,East Asia,Japan,Hiroshima,Sanfrecce Hiroshima,Unknown
234,Pars Shiraz Stadium,50000,West Asia,Iran,Shiraz,Fajr Sepasi Shiraz FC,Unknown
235,Stade du 26 mars ,50000,Africa,Mali,Bamako,Stade Malien,Unknown
236,Stade Abdoulaye Wade,50000,Africa,Senegal,Dakar,Senegal national football team,Unknown
237,Sultan Mizan Zainal Abidin Stadium,50000,Southeast Asia,Malaysia,Kuala Terengganu,Terengganu FA,Unknown
238,Estadio Akron,49850,North America,Mexico,Guadalajara,CD Guadalajara,Unknown
239,Levy Mwanawasa Stadium,49800,Africa,Zambia,Lusaka,Zesco United,Unknown
240,Fritz-Walter-Stadion,49780,Europe,Germany,Kaiserslautern,1 FC Kaiserslautern,Unknown
241,Estadio José Amalfitani,49540,South America,Argentina,Buenos Aires,CA Vélez Sársfield,Unknown
242,Camille Chamoun Sports City Stadium ,4950058,West Asia,Lebanon,Beirut,"Lebanon national football team, Al Ahed FC, Al Ansar FC, Nejmeh SC",Unknown
243,Miyagi Stadium,49133,East Asia,Japan,Rifu,Vegalta Sendai, Miyagi
244,Incheon Munhak Stadium,49084,East Asia,South Korea,Incheon,,Unknown
245,Heinz-von-Heiden-Arena,49000,Europe,Germany,Hanover,Hannover 96,Unknown
246,Parc des Princes,48712,Europe,France,Paris,Paris Saint-Germain,Unknown
247,Stadium of Light,48707,Europe,England,Sunderland,Sunderland AFC, Tyne and Wear
248,Estadio Nacional ,48665,South America,Chile,Santiago,"Chile national football team, CF Universidad de Chile",Unknown
249,Nelson Mandela Bay Stadium,48459,Africa,South Africa,Port Elizabeth,Chippa United FC, Eastern Cape
250,Estadio Tomás Adolfo Ducó,48314,South America,Argentina,Buenos Aires,CA Huracán,Unknown
251,Jinnah Sports Stadium ,48200,South Asia,Pakistan,Islamabad,Pakistan national football team,Unknown
252,Estadio Libertadores de América,48069,South America,Argentina,Avellaneda,Club Atlético Independiente,Unknown
253,Free State Stadium,48000,Africa,South Africa,Bloemfontein,"Bloemfontein Celtic, Toyota Cheetahs", Free State
254,Nagai Stadium,47816,East Asia,Japan,Osaka,"Cerezo Osaka, NTT DoCoMo Red Hurricanes Osaka",Unknown
255,Neo Química Arena,47605,South America,Brazil,São Paulo,Corinthians, São Paulo
256,Rogers Centre,47568,North America,Canada,Toronto,"Toronto FC, Toronto Argonauts", Ontario
257,Estadio Monumental,47347,South America,Chile,Santiago,Colo-Colo,Unknown
258,Stadio Artemio Franchi,47282,Europe,Italy,Florence,ACF Fiorentina,Unknown
259,Estadio Ciudad de Lanús  Néstor Díaz Pérez,47027,South America,Argentina,Lanús,CA Lanús,Unknown
260,Estadio Metropolitano Roberto Meléndez,46788,South America,Colombia,Barranquilla,"Colombia national football team, Atlético Junior",Unknown
261,Estádio Olímpico Nilton Santos,46831,South America,Brazil,Rio de Janeiro,Botafogo FR, Rio de Janeiro
262,Itaipava Arena Pernambuco,46154,South America,Brazil,São Lourenço da Mata,Náutico, Pernambuco
263,Arena MRV,46000,South America,Brazil,Belo Horizonte,C Atlético Mineiro, Minas Gerais
264,Estádio Paulo Constantino,45954,South America,Brazil,Presidente Prudente,Grêmio Prudente, São Paulo
265,Estadio Atanasio Girardot,45739,South America,Colombia,Medellín,"Atlético Nacional, Independiente Medellín",Unknown
266,Estadio Ramón Sánchez Pizjuán,45500,Europe,Spain,Seville,Sevilla FC,Unknown
267,Adrar Stadium,45480,Africa,Morocco,Agadir,Hassania Agadir,Unknown
268,Lukoil Arena,45360,Europe,Russia,Moscow,Spartak Moscow,Unknown
269,Grand stade de Marrakech,45240,Africa,Morocco,Marrakesh,Kawkab Marrakech,Unknown
270,Mandela National Stadium ,45202,Africa,Uganda,Kampala,Uganda national football team,Unknown
271,Tarczyński Arena Wrocław,45105,Europe,Poland,Wrocław,Śląsk Wrocław,Unknown
272,Kazan Arena,45105,Europe,Russia,Kazan,Rubin Kazan,Unknown
273,Estadio Inca Garcilaso de la Vega,45056,South America,Peru,Cusco,"CS Cienciano, Deportivo Garcilaso, Cusco FC",Unknown
274,Estádio da Machava ,45000,Africa,Mozambique,Maputo,Mozambique national football team,Unknown
275,Stadion Gelora Bung Tomo,45000,Southeast Asia,Indonesia,Surabaya,Persebaya Surabaya, East Java
276,Stadion Harapan Banga,45000,Southeast Asia,Indonesia,Banda Aceh,"Persiraja, Aceh United", Aceh
277,Estadio General Pablo Rojas ,45000,South America,Paraguay,Asunción,Club Cerro Porteño,Unknown
278,Stade Mohammed V ,4500059,Africa,Morocco,Casablanca,"Wydad, Raja",Unknown
279,Latakia Sports City Stadium,45000,West Asia,Syria,Latakia,,Unknown
280,Zibo Sports Centre Stadium,45000,East Asia,China,Zibo,, Shandong
281,Weifang Sports Centre Stadium,45000,East Asia,China,Weifang,, Shandong
282,Yantai Sports Park Stadium,45000,East Asia,China,Yantai,, Shandong
283,Stadium Tuanku Abdul Rahman,45000,Southeast Asia,Malaysia,Seremban,"ATM FA, Negeri Sembilan",Unknown
284,Stade du Complexe sportif de Fès,45000,Africa,Morocco,Fes,"Wydad de Fès, Maghreb de Fès",Unknown
285,Lagos National Stadium,45000,Africa,Nigeria,Lagos,Nigeria national football team,Unknown
286,Egyptian Army Stadium,45000,Africa,Egypt,Suez,,Unknown
287,Toyota Stadium,45000,East Asia,Japan,Toyota City,"Nagoya Grampus, Toyota Verblitz", Aichi
288,Zayed Sports City Stadium,4500060,West Asia,United Arab Emirates,Abu Dhabi,,Unknown
289,Red Bull Arena,44345,Europe,Germany,Leipzig,RB Leipzig,Unknown
290,Estádio Governador Alberto Tavares Silva,44200,South America,Brazil,Teresina,"River AC, EC Flamengo, Piauí EC, SE Tiradentes, Auto EC",Unknown
291,Estádio Universitário Pedro Pedrossian,44200,South America,Brazil,Campo Grande,"EC Comercial, Operário FC", Mato Grosso do Sul
292,Ulsan Munsu Football Stadium,44102,East Asia,South Korea,Ulsan,Ulsan HD FC,Unknown
293,Arena Pantanal,44097,South America,Brazil,Cuiabá,"Cuiabá, Mixto EC", Mato Grosso
294,Arena da Amazônia,44000,South America,Brazil,Manaus,Nacional FC, Amazonas
295,Suwon World Cup Stadium,43959,East Asia,South Korea,Suwon,Suwon Samsung Bluewings,Unknown
296,Stadion Utama Riau,43923,Southeast Asia,Indonesia,Pekanbaru,PSPS Pekanbaru, Riau
297,Allianz Parque,43713,South America,Brazil,São Paulo,SE Palmeiras, São Paulo
298,Shandong Provincial Stadium,43700,East Asia,China,Jinan,, Shandong
299,Polsat Plus Arena Gdańsk,43615,Europe,Poland,Gdańsk,Lechia Gdańsk,Unknown
300,Estadio Pedro Bidegain,43494,South America,Argentina,Buenos Aires,CA San Lorenzo de Almagro,Unknown
301,Stadion Miejski w Poznaniu,43269,Europe,Poland,Poznań,"Lech Poznań, Warta Poznań",Unknown
302,Vasil Levski National Stadium,43230,Europe,Bulgaria,Sofia,Bulgaria national football team,Unknown
303,Estadio Universidad San Marcos,43000,South America,Peru,Lima,Deportivo Universidad San Marcos,Unknown
304,Ullevi,43000,Europe,Sweden,Gothenburg,Sweden women's national football team,Unknown
305,Jinzhou Binhai Sports Centre Stadium,43000,East Asia,China,Jinzhou,,Unknown
306,Estadio General Santander,42901,South America,Colombia,Cúcuta,Cúcuta Deportivo,Unknown
307,Villa Park,42682,Europe,England,Birmingham,Aston Villa, West Midlands
308,Perak Stadium,42500,Southeast Asia,Malaysia,Perak,Perak FA,Unknown
309,Jeonju World Cup Stadium,42477,East Asia,South Korea,Jeonju,Jeonbuk Hyundai Motors FC,Unknown
310,Ligga Arena,42372,South America,Brazil,Curitiba,Athletico Paranaense, Paraná
311,Weserstadion,42358,Europe,Germany,Bremen,SV Werder Bremen,Unknown
312,Denka Big Swan Stadium,42300,East Asia,Japan,Niigata,Albirex Niigata, Niigata
313,Estadio Olimpico Metropolitano de Mérida,42200,South America,Venezuela,Mérida,Estudiantes de Mérida,Unknown
314,Daejeon World Cup Stadium,42176,East Asia,South Korea,Daejeon,Daejeon Citizen,Unknown
315,Matmut ATLANTIQUE,42115,Europe,France,Bordeaux,FC Girondins de Bordeaux,Unknown
316,Helsingin Olympiastadion ,42062,Europe,Finland,Helsinki,Finland national football team,Unknown
317,Estádio Serra Dourada,42000,South America,Brazil,Goiânia,"Goiás Esporte Clube, Vila Nova, Atlético Goianiense", Goiás
318,Estadio Deportivo Cali ,42000,South America,Colombia,Cali,Deportivo Cali,Unknown
319,Estadio Modelo Alberto Spencer,42000,South America,Ecuador,Guayaquil,"Club Sport Patria, Club Deportivo Everest, Panamá Sporting Club, Rocafuerte Fútbol Club",Unknown
320,Estádio do Zimpeto,42000,Africa,Mozambique,Maputo,Mozambique national football team,Unknown
321,Chengdu Sports Centre Stadium,42000,East Asia,China,Chengdu,, Sichuan
322,Royal Bafokeng Stadium,42000,Africa,South Africa,Phokeng,, North West
323,Estadio Universitario,42000,North America,Mexico,San Nicolás de los Garza,Tigres de la UANL,Unknown
324,Estadio Brigadier General Estanislao López,42000,South America,Argentina,Santa Fe,Club Atlético Colón,Unknown
325,Estadio Marcelo Bielsa,42000,South America,Argentina,Rosario,Newell's Old Boys,Unknown
326,Stade Geoffroy-Guichard,41965,Europe,France,Saint-Étienne,AS Saint-Étienne,Unknown
327,Vodafone Park,41903,Europe,Turkey,Istanbul,Beşiktaş JK,Unknown
328,Peter Mokaba Stadium,41733,Africa,South Africa,Polokwane,Polokwane City FC,Unknown
329,Estadio Gigante de Arroyito,41654,South America,Argentina,Rosario,Rosario Central,Unknown
330,Estadio Cachamay,41600,South America,Venezuela,Ciudad Guayana,"Atlético Club Mineros de Guayana, AC Minervén FC",Unknown
331,Estadio de Liga Deportiva Universitaria,41596,South America,Ecuador,Quito,LDU,Unknown
332,Allianz Stadium,41507,Europe,Italy,Turin,Juventus FC, Piedmont
333,Sapporo Dome,41484,East Asia,Japan,Sapporo,Hokkaido Consadole Sapporo, Hokkaido
334,Stamford Bridge,41663,Europe,England,London,Chelsea,Unknown
335,Goyang Stadium,41311,East Asia,South Korea,Goyang,,Unknown
336,Estadio Hernando Siles ,41143,South America,Bolivia,La Paz,"La Paz FC, Club Bolívar, The Strongest",Unknown
337,Bingu National Stadium,41100,Africa,Malawi,Lilongwe,"Flames, Big Bullets FC",Unknown
338,Mbombela Stadium,40929,Africa,South Africa,Nelspruit,, Mpumalanga
339,Estadio José Pachencho Romero,40800,South America,Venezuela,Maracaibo,"Deportivo JBL del Zulia, Deportivo Rayo Zuliano",Unknown
340,Stade Nelson Mandela,40784,Africa,Algeria,Algiers,Algeria national football team,Unknown
341,Kashima Football Stadium,40728,East Asia,Japan,Kashima,Kashima Antlers, Ibaraki
342,Baba Yara Stadium ,40528,Africa,Ghana,Kumasi,"Asante Kotoko, King Faisal Babes",Unknown
343,Estádio Major Antônio Couto Pereira,40502,South America,Brazil,Curitiba,Coritiba Foot Ball Club, Paraná
344,Stage Front Stadium,40500,Europe,Spain,Barcelona,RCD Espanyol,Unknown
345,Estadio Metropolitano de fútbol de Lara,40312,South America,Venezuela,Barquisimeto,Unión Lara,Unknown
346,Estadio Malvinas Argentinas,40268,South America,Argentina,Mendoza,Godoy Cruz Antonio Tomba,Unknown
347,Stadion Lukas Enembe,40263,Southeast Asia,Indonesia,Nolokla,Persipura Jayapura,Unknown
348,Gwangju World Cup Stadium,40245,East Asia,South Korea,Gwangju,Gwangju FC,Unknown
349,Sân vận động Quốc gia Mỹ Đình ,40192,Southeast Asia,Vietnam,Hanoi,Vietnam national football team,Unknown
350,Goodison Park,40157,Europe,England,Liverpool,Everton FC, North West
351,Estádio Governador João Castelo,40149,South America,Brazil,São Luís,"Sampaio Corrêa FC, Moto Club SL, Maranhão AC", Maranhão
352,Stade Miloud-Hadefi,40143,Africa,Algeria,Oran,"Algeria national football team, MC Oran",Unknown
353,Estadio Campeón del Siglo,40005,South America,Uruguay,Montevideo,Club Atlético Peñarol,Unknown
354,Metalist Stadium,40003,Europe,Ukraine,Kharkiv,"FC Metalist Kharkiv, FC Shakhtar Donetsk",Unknown
355,Al-Janoub Stadium,40000,West Asia,Qatar,Al-Wakrah,,Unknown
356,Al-Thumama Stadium,40000,West Asia,Qatar,Al-Thumama,,Unknown
357,Stade Ahmed-Zabana,40000,Africa,Algeria,Oran,MC Oran,Unknown
358,Stadion Batakan,40000,Southeast Asia,Indonesia,Balikpapan,Persiba Balikpapan, East Kalimantan
359,Stadion Gelora Joko Samudro,40000,Southeast Asia,Indonesia,Gresik,Gresik United, East Java
360,Fisht Olympic Stadium,40000,Europe,Russia,Sochi,,Unknown
361,Rentschler Field,40000,North America,United States,East Hartford,, Connecticut
362,Jawaharlal Nehru Stadium,40000,South Asia,India,Kochi,"Kerala Blasters, India national football team",Unknown
363,Hang Jebat Stadium,40000,Southeast Asia,Malaysia,Malacca,Melaka United,Unknown
364,Hong Kong Stadium ,40000,East Asia,Hong Kong,So Kon Po,South China AA,Unknown
365,Stadium Negeri Pulau Pinang,40000,Southeast Asia,Malaysia,Batu Kawan,Penang FA,Unknown
366,Accra Sports Stadium,40000,Africa,Ghana,Accra,"Accra Hearts of Oak SC, Great Olympics",Unknown
367,Sarawak Stadium,40000,Southeast Asia,Malaysia,Kuching,Sarawak FA,Unknown
368,Bogyoke Aung San Stadium ,40000,Southeast Asia,Myanmar,Yangon,Yangon United FC,Unknown
369,Resonac Dome Ōita,40000,East Asia,Japan,Ōita,Ōita Trinita,Unknown
370,Stadium Darul Makmur,40000,Southeast Asia,Malaysia,Kuantan,Pahang FA,Unknown
371,Khalifa International Stadium,40000,West Asia,Qatar,Doha,Qatar national football team,Unknown
372,Stade de lAmitié sino-gabonaise ,40000,Africa,Gabon,Libreville,Gabon national football team,Unknown
373,Peoples Football Stadium,40000,South Asia,Pakistan,Karachi,Pakistan national football team,Unknown
374,JRD Tata Sports Complex Stadium,40000,South Asia,India,Jamshedpur,"Jamshedpur FC, Tata Football Academy",Unknown
375,Bao'an Stadium,40000,East Asia,China,Shenzhen,, Guangdong
376,Kunming Tuodong Sports Centre Stadium,40000,East Asia,China,Kunming,China national football team, Yunnan
377,Taizhou Sports Centre Stadium,40000,East Asia,China,Taizhou,, Zhejiang
378,Wuhu Olympic Stadium,40000,East Asia,China,Wuhu,, Anhui
379,Huizhou Olympic Stadium,40000,East Asia,China,Huizhou,, Guangdong
